{
    "name": "\ud83d\udddd\ufe0f Berlin Keys",
    "players": [
        {
            "name": "President Cat",
            "stats": {
                "height": 0.9590223493684905,
                "constitution": 0.042276378456203446,
                "agility": 0.48636040500449823,
                "jump": 0.8262426436978875,
                "intelligence": 0.9359598978781187,
                "reflexes": 0.2822869087332334,
                "serve_strength": 0.8416294931989237,
                "serve_precision": 0.28678879170393023,
                "spike_strength": 0.6068753694818625,
                "spike_precision": 0.785194192775888,
                "overhand_strength": 0.4627908603525918,
                "overhand_precision": 0.03571169740376238,
                "dig_precision": 0.6751708146069192,
                "block_precision": 0.24890695129621668
            }
        },
        {
            "name": "Holy Roland",
            "stats": {
                "height": 0.7637092452429185,
                "constitution": 0.043395969880637965,
                "agility": 0.5613606333588609,
                "jump": 0.4686659417216955,
                "intelligence": 0.3768736562800089,
                "reflexes": 0.7620728767181872,
                "serve_strength": 0.8442774995399714,
                "serve_precision": 0.0026134661787802506,
                "spike_strength": 0.4920122896209985,
                "spike_precision": 0.022491691596933164,
                "overhand_strength": 0.2757198179217452,
                "overhand_precision": 0.5168169456174136,
                "dig_precision": 0.5036618268984576,
                "block_precision": 0.4957840611118162
            }
        },
        {
            "name": "Omen Mask",
            "stats": {
                "height": 0.36284490581361184,
                "constitution": 0.036796446117313676,
                "agility": 0.24861609232754656,
                "jump": 0.13602983922917836,
                "intelligence": 0.679892353858333,
                "reflexes": 0.4587538457466291,
                "serve_strength": 0.32742180857895536,
                "serve_precision": 0.639097222375989,
                "spike_strength": 0.3772793648945618,
                "spike_precision": 0.2425473080513728,
                "overhand_strength": 0.6550172436690879,
                "overhand_precision": 0.7117414542168781,
                "dig_precision": 0.5388233701556016,
                "block_precision": 0.4747364572286196
            }
        },
        {
            "name": "Joe Avenger",
            "stats": {
                "height": 0.9884990588924069,
                "constitution": 1.0347442566844314,
                "agility": 0.8383067215799611,
                "jump": 0.11145758221242082,
                "intelligence": 0.21958387129754917,
                "reflexes": 0.43514699657515005,
                "serve_strength": 0.7844045003115881,
                "serve_precision": 0.5861901654831462,
                "spike_strength": 0.5413826960416231,
                "spike_precision": 0.3546990881922848,
                "overhand_strength": 0.18933393455782646,
                "overhand_precision": 0.6002465036366679,
                "dig_precision": 0.0276261025226603,
                "block_precision": 0.7369293613483279
            }
        },
        {
            "name": "Jon Gnill",
            "stats": {
                "height": 0.5590363518621644,
                "constitution": 0.1811592592236692,
                "agility": 0.9003581546387963,
                "jump": 0.41005505663307495,
                "intelligence": 0.7487630871114973,
                "reflexes": 0.7004121209690404,
                "serve_strength": 0.25050865491317764,
                "serve_precision": 0.5064235942149837,
                "spike_strength": 0.7135334030116453,
                "spike_precision": 0.5563929916765088,
                "overhand_strength": 0.3375161357925113,
                "overhand_precision": 0.867247420755556,
                "dig_precision": 0.2668678544814779,
                "block_precision": 0.23333136154939152
            }
        },
        {
            "name": "Lela Black",
            "stats": {
                "height": 0.7063041996329578,
                "constitution": 0.24606510169112894,
                "agility": 0.5989831476755627,
                "jump": 0.047406592477681406,
                "intelligence": 0.7468775138972445,
                "reflexes": 0.591458021158742,
                "serve_strength": 0.285161393870566,
                "serve_precision": 0.9852496598061202,
                "spike_strength": 0.3179659701398048,
                "spike_precision": 0.04726584147253613,
                "overhand_strength": 0.49994857036735635,
                "overhand_precision": 0.8650808569391775,
                "dig_precision": 0.7801914332023283,
                "block_precision": 1.107615023588613
            }
        }
    ]
}