{
    "name": "\ud83d\udc7d British \"People\"",
    "players": [
        {
            "name": "Heinz Heinz",
            "stats": {
                "height": 0.8652231088933205,
                "constitution": 0.9857306583111993,
                "agility": 0.7738374038334476,
                "jump": 0.9838429054850185,
                "intelligence": 0.926911298752128,
                "reflexes": 0.8575835077685786,
                "serve_strength": 0.9917776117964378,
                "serve_precision": 0.7067407897296967,
                "spike_strength": 0.5572802330091855,
                "spike_precision": 0.6787739578373342,
                "overhand_strength": 0.5535006973964166,
                "overhand_precision": 0.3692950791722135,
                "dig_precision": 0.5537781822936118,
                "block_precision": 0.43235017252292096
            }
        },
        {
            "name": "Olaf Oak",
            "stats": {
                "height": 0.005614972732613133,
                "constitution": 0.6203550527171917,
                "agility": 0.6952830348754607,
                "jump": 0.07800429428723976,
                "intelligence": 0.4760939694635983,
                "reflexes": 0.28456336881420186,
                "serve_strength": 0.22763050112694594,
                "serve_precision": 0.6983698988053804,
                "spike_strength": 0.3684681987768177,
                "spike_precision": 0.06739382973612029,
                "overhand_strength": 0.05249468888447373,
                "overhand_precision": 0.977951134798675,
                "dig_precision": 0.40736188225833303,
                "block_precision": 0.5325925640953783
            }
        },
        {
            "name": "Sven Oak",
            "stats": {
                "height": 0.0757633359165677,
                "constitution": 0.03607157494947044,
                "agility": 0.1487169628814966,
                "jump": 0.127441052422824,
                "intelligence": 0.6383534014826949,
                "reflexes": 0.7565031380042224,
                "serve_strength": 0.24586921999300582,
                "serve_precision": 0.1572603961526281,
                "spike_strength": 0.9416935524813921,
                "spike_precision": 0.8776629351949897,
                "overhand_strength": 0.814928600263876,
                "overhand_precision": 0.6599368833633008,
                "dig_precision": 0.5092231323378228,
                "block_precision": 0.58531511046282
            }
        },
        {
            "name": "Seiko Suda",
            "stats": {
                "height": 0.13711979661217155,
                "constitution": 0.022769753445687324,
                "agility": 0.8285812986059758,
                "jump": 0.1758513120235814,
                "intelligence": 0.4779327082309811,
                "reflexes": 0.7820568267034483,
                "serve_strength": 0.5588740226288236,
                "serve_precision": 0.5768382460214143,
                "spike_strength": 0.7653418147970892,
                "spike_precision": 0.0015247888310576663,
                "overhand_strength": 0.2740993116925098,
                "overhand_precision": 0.2624219273062184,
                "dig_precision": 0.9586683771750446,
                "block_precision": 0.5548709354866388
            }
        },
        {
            "name": "Trian Zucchini",
            "stats": {
                "height": 0.09624900074862297,
                "constitution": 0.7301730480224762,
                "agility": 0.5603275999639201,
                "jump": 0.2680071020405109,
                "intelligence": 0.9831335810012747,
                "reflexes": 0.6844681874804333,
                "serve_strength": 0.8135052772659205,
                "serve_precision": 0.3666095204265707,
                "spike_strength": 0.2668156117294348,
                "spike_precision": 0.9431887482015974,
                "overhand_strength": 0.3410425262871546,
                "overhand_precision": 0.2688216813007053,
                "dig_precision": 0.8255628547025686,
                "block_precision": 0.387857115930772
            }
        },
        {
            "name": "Chase Lucky",
            "stats": {
                "height": 0.6230970310623717,
                "constitution": 0.36771021360045797,
                "agility": 0.3359606443912111,
                "jump": 0.981045100862658,
                "intelligence": 0.7697627901130388,
                "reflexes": 0.12562428116497604,
                "serve_strength": 0.059273759676356175,
                "serve_precision": 0.39866711606506167,
                "spike_strength": 0.2689391932310913,
                "spike_precision": 0.8766440242392314,
                "overhand_strength": 0.14256922700623254,
                "overhand_precision": 0.46647779988044835,
                "dig_precision": 0.029090951779027763,
                "block_precision": 0.07298075763850043
            }
        }
    ]
}