{
    "name": "\ud83c\udf73 Glasgow Pans",
    "players": [
        {
            "name": "Melon Beaver",
            "stats": {
                "height": 0.7823342664372988,
                "constitution": 0.2513664568749961,
                "agility": 0.6949813270450146,
                "jump": 0.5681167838314748,
                "intelligence": 0.46688444002450635,
                "reflexes": 0.13878518455158928,
                "serve_strength": 0.839594641502975,
                "serve_precision": 0.3353675829598019,
                "spike_strength": 0.5209663094398006,
                "spike_precision": 0.3047312061390621,
                "overhand_strength": 0.6800526541677816,
                "overhand_precision": 0.8210070182841708,
                "dig_precision": 0.05675183094899903,
                "block_precision": 0.06838134287515024
            }
        },
        {
            "name": "Skeletal Curator",
            "stats": {
                "height": 0.2533980082214349,
                "constitution": 0.4816641891423449,
                "agility": 0.042852613984592995,
                "jump": 0.09463245915009535,
                "intelligence": 0.39093079176156526,
                "reflexes": 0.46057872551644213,
                "serve_strength": 0.5956789003896783,
                "serve_precision": 0.3834394525305528,
                "spike_strength": 0.32465750105112473,
                "spike_precision": 0.02238627364812721,
                "overhand_strength": 0.25895636953145923,
                "overhand_precision": 0.36931280196966376,
                "dig_precision": 0.4066556170524838,
                "block_precision": 0.5704553297567696
            }
        },
        {
            "name": "Kinesh Freiburg",
            "stats": {
                "height": 0.985762642685331,
                "constitution": 0.7013182045010012,
                "agility": 0.4255991780352477,
                "jump": 1.1666744310653043,
                "intelligence": 0.49024890963836426,
                "reflexes": 0.8028710782099766,
                "serve_strength": 0.2560575489654823,
                "serve_precision": 0.4597143505565961,
                "spike_strength": 0.35336830654728013,
                "spike_precision": 0.9608563417541157,
                "overhand_strength": 0.28939134167460545,
                "overhand_precision": 1.0008763771437548,
                "dig_precision": 0.00895054025235179,
                "block_precision": 1.2137859390881172
            }
        },
        {
            "name": "Chaos Fade",
            "stats": {
                "height": 1.120766412122899,
                "constitution": 1.3861426788083857,
                "agility": 1.4163325043943282,
                "jump": 0.6866155096827331,
                "intelligence": 1.0225416945971109,
                "reflexes": 0.36465275094980654,
                "serve_strength": 0.2112929060774706,
                "serve_precision": 0.8840926842373489,
                "spike_strength": 0.3591381561785006,
                "spike_precision": 0.5728143174253414,
                "overhand_strength": 0.23668863383591093,
                "overhand_precision": 0.5915212759383484,
                "dig_precision": 0.31542039869326044,
                "block_precision": 1.31823223479759
            }
        },
        {
            "name": "No\u00ebl Clair",
            "stats": {
                "height": 0.20216757645838102,
                "constitution": 0.42411114501312797,
                "agility": 0.12501145868074653,
                "jump": 1.581429741974568,
                "intelligence": 0.35569199994079403,
                "reflexes": 0.10751926066973266,
                "serve_strength": 0.5195538861728123,
                "serve_precision": 0.6577118956735603,
                "spike_strength": 1.252112268178162,
                "spike_precision": 1.3149809113376603,
                "overhand_strength": 0.5064507359890269,
                "overhand_precision": 0.835857696452692,
                "dig_precision": 0.4206574884538973,
                "block_precision": 0.5629895153224643
            }
        },
        {
            "name": "Siaphas XIV",
            "stats": {
                "height": 0.04726016074787425,
                "constitution": 0.09606532427219701,
                "agility": 0.08119491760968411,
                "jump": 0.29316463987891306,
                "intelligence": 0.1397527568245159,
                "reflexes": 0.14299040094539414,
                "serve_strength": 0.08063399098269365,
                "serve_precision": 0.2209067666498664,
                "spike_strength": 0.019015909345659863,
                "spike_precision": 0.36276598527643644,
                "overhand_strength": 0.12896070617929012,
                "overhand_precision": 0.0305988674839092,
                "dig_precision": 0.3609041795200432,
                "block_precision": 0.34289238732038585
            }
        }
    ]
}