{
    "name": "\ud83d\ude95 Hamburg Taxis",
    "players": [
        {
            "name": "Theobald XIV",
            "stats": {
                "height": 0.9042339513257183,
                "constitution": 0.31323174602821124,
                "agility": 0.6709899196373542,
                "jump": 0.8450800287003689,
                "intelligence": 0.5463674084801712,
                "reflexes": 0.15057902692938593,
                "serve_strength": 0.3365581324637366,
                "serve_precision": 0.4474549496552929,
                "spike_strength": 0.6777322407263119,
                "spike_precision": 0.8173230939170109,
                "overhand_strength": 0.7952622200770179,
                "overhand_precision": 0.12119289074424329,
                "dig_precision": 0.019760950720914314,
                "block_precision": 0.6664878538224223
            }
        },
        {
            "name": "Jeanne Luna",
            "stats": {
                "height": 0.19299671599895174,
                "constitution": 0.41523034188097036,
                "agility": 0.22776482015148686,
                "jump": 0.8688774355385108,
                "intelligence": 0.47099693285543887,
                "reflexes": 0.4454307666469748,
                "serve_strength": 0.6310321662401311,
                "serve_precision": 1.1472441597893828,
                "spike_strength": 0.3230640684855213,
                "spike_precision": 1.130008780590811,
                "overhand_strength": 0.5644916549841537,
                "overhand_precision": 0.6480051379351025,
                "dig_precision": 0.5302124189241041,
                "block_precision": 0.36800060128640794
            }
        },
        {
            "name": "Gus Norman",
            "stats": {
                "height": 0.3519486178634243,
                "constitution": 0.25301786943444293,
                "agility": 0.710466703446547,
                "jump": 0.11794984164778079,
                "intelligence": 0.10654561430583427,
                "reflexes": 0.5575933662194974,
                "serve_strength": 0.6967851740649124,
                "serve_precision": 0.8568561207405517,
                "spike_strength": 0.07499143155206639,
                "spike_precision": 0.22301077326025712,
                "overhand_strength": 0.9034690791157255,
                "overhand_precision": 0.6990363141033968,
                "dig_precision": 0.3282672031047571,
                "block_precision": 0.3213294605642137
            }
        },
        {
            "name": "James Roland",
            "stats": {
                "height": 0.9039310887661306,
                "constitution": 0.778208511629909,
                "agility": 0.5879473394695124,
                "jump": 0.5332335656486272,
                "intelligence": 0.6608571564956386,
                "reflexes": 0.02411083123088672,
                "serve_strength": 0.267221244713591,
                "serve_precision": 0.8907204278662908,
                "spike_strength": 0.6831979354368773,
                "spike_precision": 0.8745534529425927,
                "overhand_strength": 0.8465392634002569,
                "overhand_precision": 0.055828636588393994,
                "dig_precision": 0.07695511022623007,
                "block_precision": 0.7381640126061165
            }
        },
        {
            "name": "True Slayer",
            "stats": {
                "height": 1.030907898749998,
                "constitution": 0.23033567351048714,
                "agility": 0.07408363653673027,
                "jump": 0.4298536138211125,
                "intelligence": 0.266994284871788,
                "reflexes": 0.20583596916589134,
                "serve_strength": 0.09104122051449455,
                "serve_precision": 0.2515192146620631,
                "spike_strength": 1.1105471485034437,
                "spike_precision": 0.5264200796318771,
                "overhand_strength": 0.7697739552906019,
                "overhand_precision": 0.0808979303916939,
                "dig_precision": 0.9505557743007459,
                "block_precision": 0.6839241073585343
            }
        },
        {
            "name": "Barbara Glass",
            "stats": {
                "height": 0.6193124174174699,
                "constitution": 0.05502602836120497,
                "agility": 0.7065309838893414,
                "jump": 0.47868451415898344,
                "intelligence": 0.34630942091331346,
                "reflexes": 0.6585573789127476,
                "serve_strength": 0.5272944320627516,
                "serve_precision": 0.37390397932254826,
                "spike_strength": 0.00653166298106164,
                "spike_precision": 0.5757678489502513,
                "overhand_strength": 0.4983005921884122,
                "overhand_precision": 0.6400386828246609,
                "dig_precision": 0.3458484577660661,
                "block_precision": 0.06685653196114917
            }
        }
    ]
}