{
    "name": "\ud83c\udfb7 Kimberley Saxophones",
    "players": [
        {
            "name": "Sunu Cat",
            "stats": {
                "height": 0.358331865474801,
                "constitution": 0.36312330331182496,
                "agility": 0.1214102678454876,
                "jump": 0.13578091417881236,
                "intelligence": 0.33287593271007065,
                "reflexes": 0.31025270381234094,
                "serve_strength": 0.40320728708974146,
                "serve_precision": 0.4094056141246266,
                "spike_strength": 0.3168807959494788,
                "spike_precision": 0.09142959488971453,
                "overhand_strength": 0.07702004361450548,
                "overhand_precision": 0.2394505944824668,
                "dig_precision": 0.06797404853061427,
                "block_precision": 0.4169606466383183
            }
        },
        {
            "name": "Shady Angel",
            "stats": {
                "height": 0.10568442586344003,
                "constitution": 0.25089097756681294,
                "agility": 1.125109575718752,
                "jump": 0.3708967746781558,
                "intelligence": 1.1201105291730793,
                "reflexes": 0.2592742302786648,
                "serve_strength": 1.3321229057672106,
                "serve_precision": 1.1892634264368707,
                "spike_strength": 0.6287013153419425,
                "spike_precision": 0.20956884619681046,
                "overhand_strength": 1.341841373765961,
                "overhand_precision": 1.388943057877069,
                "dig_precision": 1.5121447278236486,
                "block_precision": 1.4385458872602623
            }
        },
        {
            "name": "Big Castfluke",
            "stats": {
                "height": 0.8306508253539531,
                "constitution": 0.8493392533419848,
                "agility": 0.24614094709602943,
                "jump": 0.19912810563919972,
                "intelligence": 0.5061705975626736,
                "reflexes": 0.2517390603771913,
                "serve_strength": 0.4831960131554865,
                "serve_precision": 0.18674653010916542,
                "spike_strength": 0.4940654807679716,
                "spike_precision": 0.7545949032259025,
                "overhand_strength": 0.3268603423872439,
                "overhand_precision": 0.7666006838419549,
                "dig_precision": 0.4950619468457702,
                "block_precision": 0.7896986794092107
            }
        },
        {
            "name": "Yellow Black",
            "stats": {
                "height": 0.32958983615529375,
                "constitution": 0.19356056722921405,
                "agility": 0.15028582264585688,
                "jump": 0.4329414838113764,
                "intelligence": 0.5529652256516093,
                "reflexes": 0.3687453654364588,
                "serve_strength": 0.18785095378065703,
                "serve_precision": 0.2567581996339403,
                "spike_strength": 0.0867506521221251,
                "spike_precision": 0.27894376839204155,
                "overhand_strength": 0.41706954827391085,
                "overhand_precision": 0.2699986254500295,
                "dig_precision": 0.1677379316054874,
                "block_precision": 0.3787536991618907
            }
        },
        {
            "name": "Eiriol Wood",
            "stats": {
                "height": 0.8703700398672366,
                "constitution": 0.13601609676281085,
                "agility": 0.8740374085032951,
                "jump": 0.06819843283023168,
                "intelligence": 0.9876917791262625,
                "reflexes": 0.2558922172613976,
                "serve_strength": 0.7949270485537487,
                "serve_precision": 0.3275633175505965,
                "spike_strength": 0.701233736091129,
                "spike_precision": 0.9282545731550113,
                "overhand_strength": 0.3862612154869514,
                "overhand_precision": 0.7190837051991832,
                "dig_precision": 0.7720314695817913,
                "block_precision": 0.17346252381737304
            }
        },
        {
            "name": "Blind Beaver",
            "stats": {
                "height": 0.512176585741474,
                "constitution": 0.884199800640281,
                "agility": 0.7692602496462388,
                "jump": 0.21209549662515448,
                "intelligence": 0.8400079000514078,
                "reflexes": 0.6152334141051796,
                "serve_strength": 0.8165215731666841,
                "serve_precision": 0.14707086076245268,
                "spike_strength": 0.38956451981615275,
                "spike_precision": 0.0028387764459582437,
                "overhand_strength": 0.07169433834466261,
                "overhand_precision": 0.30293302408780615,
                "dig_precision": 0.38380830275227246,
                "block_precision": 0.8884248791621372
            }
        }
    ]
}