{
    "name": "\ud83d\udcbf Melbourne Discs",
    "players": [
        {
            "name": "Royal Mandrake",
            "stats": {
                "height": 1.3011492465953483,
                "constitution": 1.1557372618330228,
                "agility": 1.2109304434737336,
                "jump": 2.4345070886609768,
                "intelligence": 2.028789961984751,
                "reflexes": 1.0810090285656246,
                "serve_strength": 1.6297788410451446,
                "serve_precision": 0.6803932463189417,
                "spike_strength": 0.6810201184545011,
                "spike_precision": 2.128932333763662,
                "overhand_strength": 1.2509094059097445,
                "overhand_precision": 1.7718602725794932,
                "dig_precision": 2.1108240798224513,
                "block_precision": 0.18791892694209753
            }
        },
        {
            "name": "Labyrinth Quinn",
            "stats": {
                "height": 0.16939115284379136,
                "constitution": 2.092711793121916,
                "agility": 2.870961266438828,
                "jump": 0.8205215390090318,
                "intelligence": 0.46401513387298243,
                "reflexes": 2.394269292469471,
                "serve_strength": 1.9347211863612415,
                "serve_precision": 1.8119213128175562,
                "spike_strength": 2.3665027691970177,
                "spike_precision": 1.0631991264926641,
                "overhand_strength": 0.8343272079726693,
                "overhand_precision": 1.5325502083335247,
                "dig_precision": 1.358325161755643,
                "block_precision": 2.6328225933641822
            }
        }
    ]
}