{
    "name": "\ud83d\udcbf Melbourne Discs",
    "players": [
        {
            "name": "Echo Nox",
            "stats": {
                "height": 0.06780595626587632,
                "constitution": 0.667966378094425,
                "agility": 0.3870579835940215,
                "jump": 0.16872855414189128,
                "intelligence": 0.9124191155166173,
                "reflexes": 0.7914717167779813,
                "serve_strength": 0.4391212095275233,
                "serve_precision": 0.8691098727161605,
                "spike_strength": 0.38703840653370486,
                "spike_precision": 0.6336516321815925,
                "overhand_strength": 0.9423995545424445,
                "overhand_precision": 0.24875077314968613,
                "dig_precision": 0.6240856007583633,
                "block_precision": 0.1955414834333842
            }
        },
        {
            "name": "Liang Huan",
            "stats": {
                "height": 0.30693896855381364,
                "constitution": 0.20625232201278826,
                "agility": 0.6968649821547721,
                "jump": 0.5543195837335486,
                "intelligence": 0.12110189750830684,
                "reflexes": 0.43496024350908813,
                "serve_strength": 0.7452240962430158,
                "serve_precision": 0.4279540831028089,
                "spike_strength": 0.5134743129359379,
                "spike_precision": 0.4603564032621736,
                "overhand_strength": 0.289040631292818,
                "overhand_precision": 0.7474453427308075,
                "dig_precision": 0.38634395543835903,
                "block_precision": 0.6142693156432487
            }
        },
        {
            "name": "Nymph Wynter",
            "stats": {
                "height": 0.3428411428683678,
                "constitution": 0.15280168825840187,
                "agility": 0.5032199599226479,
                "jump": 0.11243268225912667,
                "intelligence": 0.4905337854476776,
                "reflexes": 0.4442039646032575,
                "serve_strength": 0.4159149777917235,
                "serve_precision": 0.27939077010276886,
                "spike_strength": 0.7163554128379953,
                "spike_precision": 0.4552459046689456,
                "overhand_strength": 0.4880971821503349,
                "overhand_precision": 0.319845912769041,
                "dig_precision": 0.31815911935460467,
                "block_precision": 0.7480137605617988
            }
        },
        {
            "name": "Nes VI",
            "stats": {
                "height": 0.6921369793306305,
                "constitution": 0.4874583423419492,
                "agility": 0.5977143044592915,
                "jump": 0.7600057746006768,
                "intelligence": 0.9332917762774118,
                "reflexes": 0.9308501100183242,
                "serve_strength": 0.6366304684998018,
                "serve_precision": 0.09522152505016059,
                "spike_strength": 0.9217840765837175,
                "spike_precision": 0.503432947846027,
                "overhand_strength": 0.5498156858925163,
                "overhand_precision": 0.14684343796686522,
                "dig_precision": 0.09191919160358858,
                "block_precision": 0.7277994289718009
            }
        },
        {
            "name": "Gracy XIV",
            "stats": {
                "height": 0.6798259115142345,
                "constitution": 0.1823180512802048,
                "agility": 0.5849575723229987,
                "jump": 0.14489920296873687,
                "intelligence": 0.8327175009786381,
                "reflexes": 0.8703957376098228,
                "serve_strength": 0.33269428780081894,
                "serve_precision": 0.6438704742860565,
                "spike_strength": 0.36815589309005275,
                "spike_precision": 0.29949533613681895,
                "overhand_strength": 0.17940335443220148,
                "overhand_precision": 0.5549065807331396,
                "dig_precision": 0.20142767341134263,
                "block_precision": 0.44701213152903957
            }
        },
        {
            "name": "Elin Gnugg",
            "stats": {
                "height": 0.20539547705328265,
                "constitution": 0.6906114019644376,
                "agility": 0.2218377591476047,
                "jump": 0.8293281909046961,
                "intelligence": 0.46434376725586224,
                "reflexes": 0.40964203364778684,
                "serve_strength": 1.0206768789201097,
                "serve_precision": 0.3875410941921032,
                "spike_strength": 1.0483482343687398,
                "spike_precision": 0.7895463481280167,
                "overhand_strength": 0.7609715549103259,
                "overhand_precision": 0.07145535100781147,
                "dig_precision": 0.9767961957914937,
                "block_precision": 0.09977131621902369
            }
        }
    ]
}