{
    "name": "\ud83d\udc7b Netherlands Ghasts",
    "players": [
        {
            "name": "Kaiser Drach",
            "stats": {
                "height": 0.8757341693621028,
                "constitution": 0.04740924099273187,
                "agility": 0.03453841104952335,
                "jump": 0.07060597855616749,
                "intelligence": 1.09758818898741,
                "reflexes": 0.10731160806580964,
                "serve_strength": 1.131634479614998,
                "serve_precision": 0.6230688638430371,
                "spike_strength": 0.6686191852361004,
                "spike_precision": 1.0603320167074315,
                "overhand_strength": 1.1308880607834924,
                "overhand_precision": 0.2770466837890345,
                "dig_precision": 0.3421643090840112,
                "block_precision": 0.5037118460536513
            }
        },
        {
            "name": "Jeanne Luna",
            "stats": {
                "height": 0.19644995546765595,
                "constitution": 0.2218491595424212,
                "agility": 0.21385946281806975,
                "jump": 0.041664398323073476,
                "intelligence": 0.1662406236532008,
                "reflexes": 0.21292941221647999,
                "serve_strength": 0.21461866876138924,
                "serve_precision": 0.029539502900525174,
                "spike_strength": 0.2240097884527733,
                "spike_precision": 0.10120367248337571,
                "overhand_strength": 0.1425831952329943,
                "overhand_precision": 0.021643715953470023,
                "dig_precision": 0.16927404412723576,
                "block_precision": 0.14505497280140217
            }
        },
        {
            "name": "No\u00ebl Clair",
            "stats": {
                "height": 0.1851751278313959,
                "constitution": 0.451354998630593,
                "agility": 0.2931749952712281,
                "jump": 0.6521345261136341,
                "intelligence": 0.6830980650967817,
                "reflexes": 0.7483306220163698,
                "serve_strength": 0.03473336854581248,
                "serve_precision": 0.21930235022737102,
                "spike_strength": 0.9515225879035762,
                "spike_precision": 0.6014222460936731,
                "overhand_strength": 1.1461374129143433,
                "overhand_precision": 0.8834805492632085,
                "dig_precision": 0.9900546360769189,
                "block_precision": 0.4388912468198143
            }
        },
        {
            "name": "Gacco Bi",
            "stats": {
                "height": 0.1981582991106343,
                "constitution": 0.1059800177391655,
                "agility": 0.0725603293363209,
                "jump": 0.46444164044517444,
                "intelligence": 0.15851000339707938,
                "reflexes": 0.06382250196820473,
                "serve_strength": 0.38775586403335593,
                "serve_precision": 0.43704205652244393,
                "spike_strength": 0.07946786190738013,
                "spike_precision": 0.21176639714064496,
                "overhand_strength": 0.5073491362915068,
                "overhand_precision": 0.4445501623748212,
                "dig_precision": 0.4198059677713383,
                "block_precision": 0.43790127681516916
            }
        },
        {
            "name": "Lindsay Chalice",
            "stats": {
                "height": 0.5509607202956641,
                "constitution": 1.476134272378772,
                "agility": 0.7321536993912449,
                "jump": 1.3491612510336777,
                "intelligence": 1.167254655271683,
                "reflexes": 1.4255100630443545,
                "serve_strength": 1.0643719025148255,
                "serve_precision": 0.2226773452000509,
                "spike_strength": 1.2910853768531376,
                "spike_precision": 1.548224050121851,
                "overhand_strength": 0.1772716493656826,
                "overhand_precision": 0.5866955393701058,
                "dig_precision": 0.3968157885937085,
                "block_precision": 0.5691421413738265
            }
        },
        {
            "name": "Lydia Plouffe",
            "stats": {
                "height": 0.2080414713633259,
                "constitution": 0.5498955477128864,
                "agility": 0.8371224762100791,
                "jump": 0.44226440303954795,
                "intelligence": 0.680799847336342,
                "reflexes": 0.2672743514972583,
                "serve_strength": 0.4039984890142061,
                "serve_precision": 0.6762322825487089,
                "spike_strength": 0.6761329962782173,
                "spike_precision": 0.13752832275245075,
                "overhand_strength": 0.6103016474395583,
                "overhand_precision": 0.6354928278893719,
                "dig_precision": 0.4543628496712031,
                "block_precision": 0.523596169920713
            }
        }
    ]
}