{
    "name": "\ud83d\udc7b Netherlands Ghasts",
    "players": [
        {
            "name": "Tree Stone",
            "stats": {
                "height": 0.7083747250870844,
                "constitution": 0.6134063922660524,
                "agility": 0.9030142833294501,
                "jump": 1.0822982292867893,
                "intelligence": 0.20488860551918225,
                "reflexes": 0.30856879177627156,
                "serve_strength": 0.5654242127034055,
                "serve_precision": 0.15319509496006994,
                "spike_strength": 0.37190665387212524,
                "spike_precision": 0.2430044224252843,
                "overhand_strength": 1.0281194576121946,
                "overhand_precision": 0.15686805882115523,
                "dig_precision": 0.4302545201148648,
                "block_precision": 0.3671299402280162
            }
        },
        {
            "name": "Penguin Pitch",
            "stats": {
                "height": 0.39155533406504883,
                "constitution": 0.47576010572940813,
                "agility": 0.55254006350766,
                "jump": 0.238764112038164,
                "intelligence": 0.502904823447361,
                "reflexes": 0.5511072585574869,
                "serve_strength": 0.20826968221758052,
                "serve_precision": 0.08220647444048189,
                "spike_strength": 0.472699316092685,
                "spike_precision": 0.3421971923321919,
                "overhand_strength": 0.4703436456254347,
                "overhand_precision": 0.026138148822336286,
                "dig_precision": 0.35528968467491473,
                "block_precision": 0.16837205631306365
            }
        },
        {
            "name": "River II",
            "stats": {
                "height": 0.35146077488395105,
                "constitution": 0.9821171445221023,
                "agility": 0.5053525959737819,
                "jump": 0.4731430199344053,
                "intelligence": 0.4740853758207526,
                "reflexes": 0.8323210505819529,
                "serve_strength": 0.10868733845826982,
                "serve_precision": 0.7837060184259972,
                "spike_strength": 0.409366352944169,
                "spike_precision": 0.9395540305517689,
                "overhand_strength": 0.8598257878158055,
                "overhand_precision": 0.06214182495226512,
                "dig_precision": 0.7271517679640974,
                "block_precision": 0.7251537608404337
            }
        },
        {
            "name": "Forest Purple",
            "stats": {
                "height": 0.42421397600858324,
                "constitution": 0.05183046119276288,
                "agility": 0.5440258180938496,
                "jump": 0.032637977287881044,
                "intelligence": 0.12322267336315891,
                "reflexes": 0.0734104248467403,
                "serve_strength": 0.3908906641184085,
                "serve_precision": 0.4653991133169152,
                "spike_strength": 0.3589563955129835,
                "spike_precision": 0.4316708103013569,
                "overhand_strength": 0.01886111241299391,
                "overhand_precision": 0.4058711456531361,
                "dig_precision": 0.5166955095254053,
                "block_precision": 0.2931320857141882
            }
        },
        {
            "name": "Jaxon Dry",
            "stats": {
                "height": 0.35076319151214885,
                "constitution": 0.9474138571746217,
                "agility": 0.896800635749548,
                "jump": 0.40630864989076143,
                "intelligence": 1.1247580155860781,
                "reflexes": 0.18239919515549283,
                "serve_strength": 0.39468736247665653,
                "serve_precision": 0.09146701250686942,
                "spike_strength": 1.2089545964493973,
                "spike_precision": 0.46689423014332737,
                "overhand_strength": 0.905711948346924,
                "overhand_precision": 0.10589360501840483,
                "dig_precision": 0.6130298549580834,
                "block_precision": 0.5559303977154197
            }
        },
        {
            "name": "Brave Friend",
            "stats": {
                "height": 0.7214325408641726,
                "constitution": 0.9945343191528169,
                "agility": 0.21778849752831708,
                "jump": 0.6491762927024685,
                "intelligence": 0.4010289714827056,
                "reflexes": 0.7867753992312334,
                "serve_strength": 0.5523832412078576,
                "serve_precision": 0.8666864504913566,
                "spike_strength": 0.7206219475864301,
                "spike_precision": 0.8326154635598908,
                "overhand_strength": 0.6867882251275387,
                "overhand_precision": 0.5362663304819302,
                "dig_precision": 0.6360027170652713,
                "block_precision": 0.807400753950393
            }
        }
    ]
}