{
    "name": "\u26a1 Paris Circuits",
    "players": [
        {
            "name": "Glovruk III",
            "stats": {
                "height": 0.12044172689781872,
                "constitution": 0.35900953388194257,
                "agility": 0.4339230097249529,
                "jump": 0.02437953449914503,
                "intelligence": 0.008439588514051376,
                "reflexes": 1.358120076201236,
                "serve_strength": 1.4608428376912166,
                "serve_precision": 0.47432251019178806,
                "spike_strength": 0.326299103016903,
                "spike_precision": 0.8897744355145183,
                "overhand_strength": 0.12846867237846057,
                "overhand_precision": 1.4224960438188556,
                "dig_precision": 0.29646808489386395,
                "block_precision": 1.4194989178075932
            }
        },
        {
            "name": "Joyce Caelvu",
            "stats": {
                "height": 0.29565943585657284,
                "constitution": 0.3068287851575901,
                "agility": 0.17923580567810932,
                "jump": 0.1037559625489413,
                "intelligence": 0.31093842571979685,
                "reflexes": 0.2277082543743668,
                "serve_strength": 0.09055616150688699,
                "serve_precision": 0.003234221226510328,
                "spike_strength": 0.32587009636648767,
                "spike_precision": 0.16979914711620528,
                "overhand_strength": 0.024513617137329594,
                "overhand_precision": 0.32325848221967707,
                "dig_precision": 0.15208778529726316,
                "block_precision": 0.2970736265849848
            }
        },
        {
            "name": "House Gnill",
            "stats": {
                "height": 0.8773254212063659,
                "constitution": 0.3219906809219762,
                "agility": 0.8146614640911265,
                "jump": 0.6825344504398527,
                "intelligence": 0.7591933002565603,
                "reflexes": 0.8535228691825709,
                "serve_strength": 0.1475416078122165,
                "serve_precision": 0.6611872884867878,
                "spike_strength": 0.6526739756600434,
                "spike_precision": 0.8934189881185947,
                "overhand_strength": 0.39525051763037894,
                "overhand_precision": 0.574905086317246,
                "dig_precision": 0.052598905275320504,
                "block_precision": 0.2122210278979379
            }
        },
        {
            "name": "Sparkling Reaper",
            "stats": {
                "height": 0.3608785180351681,
                "constitution": 0.04377212451440828,
                "agility": 0.4890339941605396,
                "jump": 1.3055548966785875,
                "intelligence": 0.48752639597869896,
                "reflexes": 0.034995149732532004,
                "serve_strength": 0.6166854219952708,
                "serve_precision": 0.5849425910348744,
                "spike_strength": 0.5619680898977812,
                "spike_precision": 0.6225770145582034,
                "overhand_strength": 1.183545246510409,
                "overhand_precision": 1.1236743457588105,
                "dig_precision": 0.8664848087125798,
                "block_precision": 1.3598935368674434
            }
        },
        {
            "name": "Mario Vogl",
            "stats": {
                "height": 0.21145207728502655,
                "constitution": 0.6234372721404788,
                "agility": 0.11060030894381098,
                "jump": 0.18418176813849618,
                "intelligence": 0.5608778052198324,
                "reflexes": 0.47251275669869913,
                "serve_strength": 0.17006348654753803,
                "serve_precision": 0.12944540859206138,
                "spike_strength": 0.514891889460404,
                "spike_precision": 0.4435495303165192,
                "overhand_strength": 0.3212954670938363,
                "overhand_precision": 0.33055329311666715,
                "dig_precision": 0.21386357780250173,
                "block_precision": 0.5044979177431664
            }
        },
        {
            "name": "Kaiser Drach",
            "stats": {
                "height": 1.23253129512247,
                "constitution": 0.5370004833541012,
                "agility": 0.8405537835956748,
                "jump": 0.45549572741036953,
                "intelligence": 0.5919019713595723,
                "reflexes": 0.6664930888904002,
                "serve_strength": 0.41594934990372845,
                "serve_precision": 0.20171951995852513,
                "spike_strength": 0.8742278974489694,
                "spike_precision": 0.3162152850436176,
                "overhand_strength": 0.7869202548910023,
                "overhand_precision": 0.37654294315296777,
                "dig_precision": 0.7538889940780922,
                "block_precision": 0.08577524713612798
            }
        }
    ]
}