{
    "name": "\u26a1 Paris Circuits",
    "players": [
        {
            "name": "Omen Mask",
            "stats": {
                "height": 0.44943244093715007,
                "constitution": 0.13223980266990495,
                "agility": 0.22634994139810977,
                "jump": 0.2121276225352753,
                "intelligence": 0.39603683687481317,
                "reflexes": 0.37064039316611536,
                "serve_strength": 0.08666660936235873,
                "serve_precision": 0.09535662358645636,
                "spike_strength": 0.46715561922200405,
                "spike_precision": 0.3966139274038248,
                "overhand_strength": 0.5882096157582678,
                "overhand_precision": 0.09027286391483216,
                "dig_precision": 0.5159920247134575,
                "block_precision": 0.5491544509760636
            }
        },
        {
            "name": "Ayla Wall",
            "stats": {
                "height": 0.10711954080062229,
                "constitution": 0.7346825480499194,
                "agility": 0.2975672257151015,
                "jump": 0.37057446632062674,
                "intelligence": 0.701030541822967,
                "reflexes": 0.23072008468873695,
                "serve_strength": 0.5526838828961332,
                "serve_precision": 0.5455313455538374,
                "spike_strength": 0.3024327651756291,
                "spike_precision": 0.07697152497100787,
                "overhand_strength": 0.2588582264778567,
                "overhand_precision": 0.5769320603230864,
                "dig_precision": 0.1310214004957063,
                "block_precision": 0.4244828260222458
            }
        },
        {
            "name": "Brodir Jonsson",
            "stats": {
                "height": 0.6216595478754097,
                "constitution": 0.332634676894545,
                "agility": 1.0482191043367997,
                "jump": 0.3064273675183904,
                "intelligence": 0.5515035805115561,
                "reflexes": 0.08926700645199809,
                "serve_strength": 1.307258562626819,
                "serve_precision": 0.7574748128768822,
                "spike_strength": 1.1856818879520552,
                "spike_precision": 0.3973558530387839,
                "overhand_strength": 1.0532744104004153,
                "overhand_precision": 1.305409237334043,
                "dig_precision": 0.7104901893905143,
                "block_precision": 1.5190220913283539
            }
        },
        {
            "name": "Chaos Fade",
            "stats": {
                "height": 0.08269867717542596,
                "constitution": 0.46781284189458544,
                "agility": 0.027649274483247048,
                "jump": 0.3002085472129056,
                "intelligence": 0.008216765036546454,
                "reflexes": 0.454818747756623,
                "serve_strength": 0.07404208935338112,
                "serve_precision": 0.34330950016601525,
                "spike_strength": 0.4754546848118594,
                "spike_precision": 0.07083552426011777,
                "overhand_strength": 0.10601872565517695,
                "overhand_precision": 0.464786485540171,
                "dig_precision": 0.2763682004793151,
                "block_precision": 0.17491307154096702
            }
        },
        {
            "name": "Charles Magnus",
            "stats": {
                "height": 0.7165341347265655,
                "constitution": 0.6826473622048778,
                "agility": 0.8368173612856062,
                "jump": 0.923621526043664,
                "intelligence": 0.3215476717255126,
                "reflexes": 0.7947225181155216,
                "serve_strength": 0.9698771712951334,
                "serve_precision": 0.8420531175145616,
                "spike_strength": 0.47543303526802294,
                "spike_precision": 1.1696777968894376,
                "overhand_strength": 0.7392644128154701,
                "overhand_precision": 1.1709626898004346,
                "dig_precision": 0.07757081420582312,
                "block_precision": 0.479674915054293
            }
        },
        {
            "name": "Gus Norman",
            "stats": {
                "height": 0.5010789230376582,
                "constitution": 0.5908631101702182,
                "agility": 0.33459801141360124,
                "jump": 0.06114165378147606,
                "intelligence": 0.18684335059364082,
                "reflexes": 0.9497335422391014,
                "serve_strength": 0.7762325648361964,
                "serve_precision": 0.9448153305899374,
                "spike_strength": 0.17755630423595511,
                "spike_precision": 0.4005232103996661,
                "overhand_strength": 0.36115112834768365,
                "overhand_precision": 0.9585683124590991,
                "dig_precision": 0.612341612975318,
                "block_precision": 0.5444797422404896
            }
        }
    ]
}