{
    "name": "\ud83d\udc09 Roman Dragons",
    "players": [
        {
            "name": "Syllia Umeris",
            "stats": {
                "height": 0.5466252320715985,
                "constitution": 0.1357170492948602,
                "agility": 0.37452047109794195,
                "jump": 0.20790652521115338,
                "intelligence": 1.9020420197594081,
                "reflexes": 0.014271293237587098,
                "serve_strength": 0.8401268067615485,
                "serve_precision": 0.21231323733788324,
                "spike_strength": 0.39918743189865324,
                "spike_precision": 1.246989873223044,
                "overhand_strength": 0.6670270214117164,
                "overhand_precision": 1.3057706397446704,
                "dig_precision": 1.2311793271212685,
                "block_precision": 0.3321143466380657
            }
        },
        {
            "name": "Zanai V",
            "stats": {
                "height": 0.22742256019101287,
                "constitution": 0.30304062931623044,
                "agility": 0.28864228723708774,
                "jump": 0.5850099151523297,
                "intelligence": 0.5870104808124194,
                "reflexes": 0.3629115480719327,
                "serve_strength": 0.2621561268098902,
                "serve_precision": 0.3304287055523076,
                "spike_strength": 0.5266139558947138,
                "spike_precision": 0.20797337828642648,
                "overhand_strength": 0.11552039160294883,
                "overhand_precision": 0.2098990544721652,
                "dig_precision": 0.14038274051070085,
                "block_precision": 0.5634070258904968
            }
        },
        {
            "name": "Gwentin Tizwyn",
            "stats": {
                "height": 0.5065754388564624,
                "constitution": 0.08649907752031075,
                "agility": 0.5756971885710059,
                "jump": 0.03062559603024825,
                "intelligence": 0.2550800708895887,
                "reflexes": 0.0886541544662778,
                "serve_strength": 0.4066669692205847,
                "serve_precision": 0.09219492271554647,
                "spike_strength": 0.24330081327008612,
                "spike_precision": 0.4655421945340204,
                "overhand_strength": 0.3980025206331341,
                "overhand_precision": 0.43135010618020714,
                "dig_precision": 0.03902998478207053,
                "block_precision": 0.19012679095594046
            }
        },
        {
            "name": "Taute Wildmane",
            "stats": {
                "height": 0.17304272660239292,
                "constitution": 0.5207991617081565,
                "agility": 0.21603628241444295,
                "jump": 0.6320973500369242,
                "intelligence": 0.7802602358959715,
                "reflexes": 0.3443907038985302,
                "serve_strength": 0.652804540528652,
                "serve_precision": 0.7956526220319546,
                "spike_strength": 0.03850393637251817,
                "spike_precision": 0.594462046370204,
                "overhand_strength": 0.8060322540109272,
                "overhand_precision": 0.8069557805077473,
                "dig_precision": 0.7913987513475848,
                "block_precision": 0.8913778347490366
            }
        },
        {
            "name": "Crimson Tustran",
            "stats": {
                "height": 0.23888086200672312,
                "constitution": 0.023920321108510247,
                "agility": 1.0246744624724935,
                "jump": 0.8481131094497282,
                "intelligence": 1.0534785938237519,
                "reflexes": 0.7685508794923184,
                "serve_strength": 0.38831496240263685,
                "serve_precision": 0.6587104932754336,
                "spike_strength": 0.6875635416240958,
                "spike_precision": 0.5378411814529105,
                "overhand_strength": 0.1469789386820068,
                "overhand_precision": 0.4922663357660175,
                "dig_precision": 1.1431293904804736,
                "block_precision": 1.1371083957405568
            }
        },
        {
            "name": "Lydia Plouffe",
            "stats": {
                "height": 0.21418290226624792,
                "constitution": 0.8791761086944488,
                "agility": 0.14999915895901098,
                "jump": 0.23443773713096894,
                "intelligence": 0.32875134725307753,
                "reflexes": 0.08944635338168429,
                "serve_strength": 0.01351826329157508,
                "serve_precision": 0.8236068063207922,
                "spike_strength": 0.5856369682774434,
                "spike_precision": 0.9144427997305908,
                "overhand_strength": 0.9462542501758899,
                "overhand_precision": 0.6277356710908599,
                "dig_precision": 0.2547281113574849,
                "block_precision": 0.8091819245816875
            }
        }
    ]
}