{
    "name": "\ud83e\udd5a Vienna Eggs",
    "players": [
        {
            "name": "Labyrinth Quinn",
            "stats": {
                "height": 0.041325423184603666,
                "constitution": 0.519092873519524,
                "agility": 0.2551419683802495,
                "jump": 0.23244872070256287,
                "intelligence": 0.651331842170901,
                "reflexes": 0.14354951153474224,
                "serve_strength": 0.5483444712859566,
                "serve_precision": 0.5875537564688065,
                "spike_strength": 0.464238776001474,
                "spike_precision": 0.6497652561998535,
                "overhand_strength": 0.6519386117457714,
                "overhand_precision": 0.07831802176778237,
                "dig_precision": 0.3317753660230034,
                "block_precision": 0.014905227776658652
            }
        },
        {
            "name": "Beth Cat",
            "stats": {
                "height": 0.020168098464588533,
                "constitution": 0.5981446340673291,
                "agility": 0.3929993161712743,
                "jump": 0.91303253289991,
                "intelligence": 0.8075997555626793,
                "reflexes": 0.6195969650792996,
                "serve_strength": 0.775153257561264,
                "serve_precision": 0.09237429384189971,
                "spike_strength": 0.13529686556121817,
                "spike_precision": 0.627450973720771,
                "overhand_strength": 0.19630609401274893,
                "overhand_precision": 0.9037750771647112,
                "dig_precision": 0.8355059117556489,
                "block_precision": 0.07868608810040598
            }
        },
        {
            "name": "Maddock Pumpblock",
            "stats": {
                "height": 0.6545706543105942,
                "constitution": 0.1451803049022651,
                "agility": 0.5458722987506783,
                "jump": 0.29966194951383524,
                "intelligence": 0.6621400885126938,
                "reflexes": 0.32770924221517883,
                "serve_strength": 0.34204820122697993,
                "serve_precision": 0.05012263091892831,
                "spike_strength": 0.10210257788416884,
                "spike_precision": 0.8078398801175071,
                "overhand_strength": 0.6109066975326045,
                "overhand_precision": 0.03590652174288681,
                "dig_precision": 0.034702529344622486,
                "block_precision": 0.8220738370280369
            }
        },
        {
            "name": "Camruss Tustran",
            "stats": {
                "height": 0.9657976059744129,
                "constitution": 0.4251967708841654,
                "agility": 0.1582930168746533,
                "jump": 0.31038294820369405,
                "intelligence": 0.2596282721307696,
                "reflexes": 0.9721198981529331,
                "serve_strength": 0.4005283043710285,
                "serve_precision": 0.9010917289997605,
                "spike_strength": 0.500924100386898,
                "spike_precision": 0.794975420928075,
                "overhand_strength": 0.21650808368009108,
                "overhand_precision": 0.07595208952594332,
                "dig_precision": 0.6650104234796157,
                "block_precision": 0.5844013488045702
            }
        },
        {
            "name": "Rabbit Finder",
            "stats": {
                "height": 0.5632537483852752,
                "constitution": 0.4203968918694814,
                "agility": 0.1779884457970767,
                "jump": 0.9641800789840227,
                "intelligence": 1.143541449628611,
                "reflexes": 0.8211145230173904,
                "serve_strength": 0.5342638722880049,
                "serve_precision": 0.2819312603713773,
                "spike_strength": 0.7335980355313617,
                "spike_precision": 0.9769001571234728,
                "overhand_strength": 0.08786181759904908,
                "overhand_precision": 0.24443710905248534,
                "dig_precision": 1.0321214022518954,
                "block_precision": 0.17391726219677375
            }
        },
        {
            "name": "Maddock IV",
            "stats": {
                "height": 1.1159588688974424,
                "constitution": 1.2429231908233067,
                "agility": 1.652672582149904,
                "jump": 0.32148391385633907,
                "intelligence": 0.15676374874876775,
                "reflexes": 1.3694164107201066,
                "serve_strength": 0.010327696905133372,
                "serve_precision": 0.05611375325790714,
                "spike_strength": 0.7375505423692699,
                "spike_precision": 0.2528434157260831,
                "overhand_strength": 0.4671164129217509,
                "overhand_precision": 0.5065569549948655,
                "dig_precision": 0.40990133488411373,
                "block_precision": 0.707398002525501
            }
        }
    ]
}