{
    "name": "\ud83d\udd73\ufe0f Zurich Holes",
    "players": [
        {
            "name": "Aelyn Halfthorn",
            "stats": {
                "height": 0.0073103794480802176,
                "constitution": 0.6024089369433713,
                "agility": 0.1027058974808901,
                "jump": 0.2746733672506373,
                "intelligence": 0.22420102884975446,
                "reflexes": 0.5362276661092752,
                "serve_strength": 0.4557654441284843,
                "serve_precision": 0.7894928866568293,
                "spike_strength": 0.5378650304973822,
                "spike_precision": 0.3244666302681303,
                "overhand_strength": 0.6086096926990007,
                "overhand_precision": 0.8855351669810559,
                "dig_precision": 0.043968418816226595,
                "block_precision": 0.6062579268822869
            }
        },
        {
            "name": "Kawai Kawai",
            "stats": {
                "height": 0.9863744491457518,
                "constitution": 0.011328753127586966,
                "agility": 0.7529983585907599,
                "jump": 0.01114708346567106,
                "intelligence": 0.5360101762302718,
                "reflexes": 0.5325393977578965,
                "serve_strength": 0.009034902573656689,
                "serve_precision": 0.6842998443757582,
                "spike_strength": 0.3871423716384754,
                "spike_precision": 0.030502019184192153,
                "overhand_strength": 0.5788058834973212,
                "overhand_precision": 0.3178092147440066,
                "dig_precision": 0.22884373859877527,
                "block_precision": 0.5040056440507995
            }
        },
        {
            "name": "Ariana Reaper",
            "stats": {
                "height": 0.005167400468883199,
                "constitution": 0.3609382550365855,
                "agility": 0.3168682216948814,
                "jump": 0.2377460889500903,
                "intelligence": 0.40198485169596354,
                "reflexes": 0.4924666519774177,
                "serve_strength": 0.3299967940169206,
                "serve_precision": 0.16045939383647578,
                "spike_strength": 0.25013812400726376,
                "spike_precision": 0.26576436826336225,
                "overhand_strength": 0.37776633922812397,
                "overhand_precision": 0.7757102718175113,
                "dig_precision": 0.9930863732800109,
                "block_precision": 0.6164620700958295
            }
        },
        {
            "name": "Agata Nowak",
            "stats": {
                "height": 0.9025571903198034,
                "constitution": 0.19245934467239023,
                "agility": 0.06757989037900713,
                "jump": 0.9984255626235529,
                "intelligence": 0.6938034376691404,
                "reflexes": 0.7283825226709706,
                "serve_strength": 0.37613129199978157,
                "serve_precision": 0.9963576930205438,
                "spike_strength": 0.5493590890967223,
                "spike_precision": 0.3436468767954127,
                "overhand_strength": 0.2278705971846069,
                "overhand_precision": 0.6843781579126077,
                "dig_precision": 0.3705804968250943,
                "block_precision": 0.029417510139478686
            }
        },
        {
            "name": "Noises Bottom",
            "stats": {
                "height": 0.5187244213510542,
                "constitution": 0.5705276980255879,
                "agility": 0.11562636961497086,
                "jump": 0.23830468584636122,
                "intelligence": 0.3920259706443614,
                "reflexes": 0.5657755880505484,
                "serve_strength": 0.35643764674539413,
                "serve_precision": 0.9225465933318261,
                "spike_strength": 0.7617092392654927,
                "spike_precision": 0.902711340105441,
                "overhand_strength": 0.10501696274507233,
                "overhand_precision": 0.9119708090392662,
                "dig_precision": 0.5455796773796189,
                "block_precision": 0.8634184914347065
            }
        },
        {
            "name": "Nebula Thundermint",
            "stats": {
                "height": 0.7074432319179224,
                "constitution": 0.9918869036127209,
                "agility": 0.5625397647381786,
                "jump": 0.5899190086273771,
                "intelligence": 0.1722428301326936,
                "reflexes": 0.6629048975726861,
                "serve_strength": 0.06508054450554712,
                "serve_precision": 0.037968008905651884,
                "spike_strength": 0.5255143483161206,
                "spike_precision": 0.8497716356202455,
                "overhand_strength": 0.7879335462967854,
                "overhand_precision": 0.7394642196475465,
                "dig_precision": 0.9593116035154212,
                "block_precision": 0.688646332154769
            }
        }
    ]
}